{
  "results": [
    {
      "id": 1,
      "name": "Ricardo Sanchez",
      "status": "Alive",
      "image": "https://rickandmortyapi.com/api/character/avatar/1.jpeg"
    },
    {
      "id": 2,
      "name": "Mortadela Samuel",
      "image": "https://rickandmortyapi.com/api/character/avatar/2.jpeg"
    },
    {
      "id": 3,
      "name": "Sammy verano",
      "image": "https://rickandmortyapi.com/api/character/avatar/3.jpeg"
    },
    {
      "id": 4,
      "name": "Beth Sandoval",
      "image": "https://rickandmortyapi.com/api/character/avatar/4.jpeg"
    }
  ]
}
